vp,theta
1.91471853696,3.98634812287
3.00072707366,5.64505119454
3.98463736132,6.93515358362
